uniprot	genesymbol
A7KAX9	ARHGAP32
E9PAV3	NACA
O00141	SGK1
O00159	MYO1C
O00165	HAX1
O00175	CCL24
O00206	TLR4
O00213	APBB1
O00220	TNFRSF10A
O00221	NFKBIE
O00254	F2RL2
O00255	MEN1
O00257	CBX4
O00267	SUPT5H
O00273	DFFA
O00300	TNFRSF11B
O00303	EIF3F
O00327	ARNTL
O00329	PIK3CD
O00401	WASL
O00418	EEF2K
O00422	SAP18
O00429	DNM1L
O00443	PIK3C2A
O00459	PIK3R2
O00482	NR5A2
O00505	KPNA3
O00512	BCL9
O00559	EBAG9
O00562	PITPNM1
O00571	DDX3X
O00574	CXCR6
O00587	MFNG
O00629	KPNA4
O00712	NFIB
O00716	E2F3
O00743	PPP6C
O00750	PIK3C2B
O00763	ACACB
O00767	SCD
O14508	SOCS2
O14543	SOCS3
O14558	HSPB6
O14595	CTDSP2
O14640	DVL1
O14641	DVL2
O14672	ADAM10
O14682	ENC1
O14686	KMT2D
O14727	APAF1
O14733	MAP2K7
O14737	PDCD5
O14744	PRMT5
O14745	SLC9A3R1
O14757	CHEK1
O14763	TNFRSF10B
O14788	TNFSF11
O14795	UNC13B
O14798	TNFRSF10C
O14807	MRAS
O14818	PSMA7
O14828	SCAMP3
O14867	BACH1
O14874	BCKDK
O14920	IKBKB
O14939	PLD2
O14950	MYL12B
O14964	HGS
O14965	AURKA
O14974	PPP1R12A
O14980	XPO1
O15020	SPTBN2
O15027	SEC16A
O15031	PLXNB2
O15047	SETD1A
O15055	PER2
O15056	SYNJ2
O15078	CEP290
O15105	SMAD7
O15111	CHUK
O15117	FYB1
O15119	TBX3
O15123	ANGPT2
O15143	ARPC1B
O15151	MDM4
O15162	PLSCR1
O15164	TRIM24
O15169	AXIN1
O15182	CETN3
O15194	CTDSPL
O15205	UBD
O15218	GPR182
O15226	NKRF
O15230	LAMA5
O15264	MAPK13
O15269	SPTLC1
O15294	OGT
O15297	PPM1D
O15304	SIVA1
O15357	INPPL1
O15360	FANCA
O15379	HDAC3
O15393	TMPRSS2
O15438	ABCC3
O15455	TLR3
O15460	P4HA2
O15467	CCL16
O15492	RGS16
O15503	INSIG1
O15511	ARPC5
O15516	CLOCK
O15519	CFLAR
O15525	MAFG
O15527	OGG1
O15530	PDPK1
O15534	PER1
O15550	KDM6A
O43151	TET3
O43156	TTI1
O43157	PLXNB1
O43187	IRAK2
O43255	SIAH2
O43257	ZNHIT1
O43283	MAP3K13
O43293	DAPK3
O43294	TGFB1I1
O43303	CCP110
O43312	MTSS1
O43313	ATMIN
O43315	AQP9
O43318	MAP3K7
O43324	EEF1E1
O43353	RIPK2
O43374	RASA4
O43395	PRPF3
O43432	EIF4G3
O43463	SUV39H1
O43464	HTRA2
O43474	KLF4
O43502	RAD51C
O43504	LAMTOR5
O43508	TNFSF12
O43521	BCL2L11
O43524	FOXO3
O43541	SMAD6
O43557	TNFSF14
O43561	LAT
O43597	SPRY2
O43609	SPRY1
O43639	NCK2
O43660	PLRG1
O43663	PRC1
O43665	RGS10
O43707	ACTN4
O43715	TRIAP1
O43781	DYRK3
O43791	SPOP
O43823	AKAP8
O43903	GAS2
O60216	RAD21
O60237	PPP1R12B
O60238	BNIP3L
O60244	MED14
O60266	ADCY3
O60271	SPAG9
O60285	NUAK1
O60307	MAST3
O60315	ZEB2
O60331	PIP5K1C
O60341	KDM1A
O60343	TBC1D4
O60346	PHLPP1
O60353	FZD6
O60381	HBP1
O60462	NRP2
O60504	SORBS3
O60506	SYNCRIP
O60516	EIF4EBP3
O60603	TLR2
O60610	DIAPH1
O60671	RAD1
O60673	REV3L
O60674	JAK2
O60675	MAFK
O60684	KPNA6
O60716	CTNND1
O60729	CDC14B
O60825	PFKFB2
O60869	EDF1
O60880	SH2D1A
O60885	BRD4
O60895	RAMP2
O60921	HUS1
O60934	NBN
O60936	NOL3
O75030	MITF
O75056	SDC3
O75116	ROCK2
O75143	ATG13
O75150	RNF40
O75164	KDM4A
O75177	SS18L1
O75197	LRP5
O75293	GADD45B
O75376	NCOR1
O75379	VAMP4
O75385	ULK1
O75410	TACC1
O75444	MAF
O75460	ERN1
O75461	E2F6
O75469	NR1I2
O75474	FRAT2
O75475	PSIP1
O75496	GMNN
O75506	HSBP1
O75509	TNFRSF21
O75531	BANF1
O75533	SF3B1
O75553	DAB1
O75569	PRKRA
O75581	LRP6
O75582	RPS6KA5
O75618	DEDD
O75626	PRDM1
O75663	TIPRL
O75665	OFD1
O75676	RPS6KA4
O75688	PPM1B
O75807	PPP1R15A
O75822	EIF3J
O75886	STAM2
O75909	CCNK
O75925	PIAS1
O75928	PIAS2
O75943	RAD17
O76064	RNF8
O94782	USP1
O94788	ALDH1A2
O94804	STK10
O94806	PRKD3
O94813	SLIT2
O94817	ATG12
O94856	NFASC
O94875	SORBS2
O94916	NFAT5
O94921	CDK14
O95071	UBR5
O95136	S1PR2
O95140	MFN2
O95163	ELP1
O95166	GABARAP
O95251	KAT7
O95271	TNKS
O95278	EPM2A
O95295	SNAPIN
O95297	MPZL1
O95352	ATG7
O95382	MAP3K6
O95391	SLU7
O95393	BMP10
O95405	ZFYVE9
O95429	BAG4
O95433	AHSA1
O95453	PARN
O95476	CTDNEP1
O95477	ABCA1
O95613	PCNT
O95622	ADCY5
O95644	NFATC1
O95684	FGFR1OP
O95747	OXSR1
O95760	IL33
O95786	DDX58
O95816	BAG2
O95817	BAG3
O95819	MAP4K4
O95831	AIFM1
O95835	LATS1
O95841	ANGPTL1
O95863	SNAI1
O95967	EFEMP2
O95983	MBD3
O95989	NUDT3
O95990	FAM107A
O95997	PTTG1
O95999	BCL10
O96013	PAK4
O96014	WNT11
O96017	CHEK2
O96019	ACTL6A
P00338	LDHA
P00367	GLUD1
P00450	CP
P00451	F8
P00519	ABL1
P00533	EGFR
P00734	F2
P00738	HP
P00747	PLG
P00749	PLAU
P00751	CFB
P01008	SERPINC1
P01009	SERPINA1
P01019	AGT
P01024	C3
P01031	C5
P01100	FOS
P01106	MYC
P01111	NRAS
P01112	HRAS
P01116	KRAS
P01127	PDGFB
P01130	LDLR
P01135	TGFA
P01137	TGFB1
P01344	IGF2
P01584	IL1B
P01588	EPO
P01730	CD4
P02452	COL1A1
P02462	COL4A1
P02489	CRYAA
P02511	CRYAB
P02545	LMNA
P02647	APOA1
P02649	APOE
P02671	FGA
P02679	FGG
P02686	MBP
P02741	CRP
P02751	FN1
P02763	ORM1
P02771	AFP
P02778	CXCL10
P02786	TFRC
P02787	TF
P02788	LTF
P02795	MT2A
P03372	ESR1
P03952	KLKB1
P04004	VTN
P04040	CAT
P04049	RAF1
P04070	PROC
P04075	ALDOA
P04083	ANXA1
P04085	PDGFA
P04114	APOB
P04150	NR3C1
P04156	PRNP
P04180	LCAT
P04183	TK1
P04216	THY1
P04233	CD74
P04275	VWF
P04406	GAPDH
P04626	ERBB2
P04632	CAPNS1
P04637	TP53
P04792	HSPB1
P04899	GNAI2
P05019	IGF1
P05067	APP
P05089	ARG1
P05106	ITGB3
P05107	ITGB2
P05114	HMGN1
P05121	SERPINE1
P05161	ISG15
P05186	ALPL
P05198	EIF2S1
P05204	HMGN2
P05231	IL6
P05305	EDN1
P05362	ICAM1
P05412	JUN
P05455	SSB
P05556	ITGB1
P05771	PRKCB
P05783	KRT18
P05787	KRT8
P06213	INSR
P06239	LCK
P06241	FYN
P06396	GSN
P06400	RB1
P06454	PTMA
P06493	CDK1
P06730	EIF4E
P06733	ENO1
P06737	PYGL
P06744	GPI
P06746	POLB
P06748	NPM1
P06756	ITGAV
P07108	DBI
P07203	GPX1
P07225	PROS1
P07327	ADH1A
P07332	FES
P07333	CSF1R
P07339	CTSD
P07355	ANXA2
P07384	CAPN1
P07437	TUBB
P07550	ADRB2
P07711	CTSL
P07737	PFN1
P07814	EPRS
P07858	CTSB
P07900	HSP90AA1
P07910	HNRNPC
P07942	LAMB1
P07947	YES1
P07948	LYN
P07992	ERCC1
P07996	THBS1
P08047	SP1
P08134	RHOC
P08138	NGFR
P08183	ABCB1
P08235	NR3C2
P08238	HSP90AB1
P08240	SRPRA
P08253	MMP2
P08263	GSTA1
P08294	SOD3
P08319	ADH4
P08473	MME
P08476	INHBA
P08559	PDHA1
P08567	PLEK
P08571	CD14
P08575	PTPRC
P08581	MET
P08603	CFH
P08631	HCK
P08637	FCGR3A
P08648	ITGA5
P08651	NFIC
P08670	VIM
P08754	GNAI3
P08758	ANXA5
P08833	IGFBP1
P08887	IL6R
P09038	FGF2
P09211	GSTP1
P09327	VIL1
P09341	CXCL1
P09429	HMGB1
P09455	RBP1
P09471	GNAO1
P09493	TPM1
P09496	CLTA
P09529	INHBB
P09601	HMOX1
P09603	CSF1
P09619	PDGFRB
P09651	HNRNPA1
P09668	CTSH
P09769	FGR
P09874	PARP1
P09884	POLA1
P09914	IFIT1
P09958	FURIN
P0C0S5	H2AFZ
P0C7U1	ASAH2B
P0CG48	UBC
P0DJI8	SAA1
P0DMV8	HSPA1A
P0DMV9	HSPA1B
P10114	RAP2A
P10144	GZMB
P10145	CXCL8
P10147	CCL3
P10153	RNASE2
P10243	MYBL1
P10275	AR
P10276	RARA
P10301	RRAS
P10398	ARAF
P10415	BCL2
P10451	SPP1
P10586	PTPRF
P10588	NR2F6
P10589	NR2F1
P10599	TXN
P10600	TGFB3
P10606	COX5B
P10620	MGST1
P10644	PRKAR1A
P10809	HSPD1
P10826	RARB
P10827	THRA
P10828	THRB
P10912	GHR
P10914	IRF1
P11021	HSPA5
P11137	MAP2
P11142	HSPA8
P11171	EPB41
P11215	ITGAM
P11230	CHRNB1
P11233	RALA
P11234	RALB
P11274	BCR
P11309	PIM1
P11362	FGFR1
P11387	TOP1
P11388	TOP2A
P11413	G6PD
P11717	IGF2R
P11802	CDK4
P11831	SRF
P11912	CD79A
P11926	ODC1
P11940	PABPC1
P12004	PCNA
P12270	TPR
P12318	FCGR2A
P12544	GZMA
P12643	BMP2
P12644	BMP4
P12694	BCKDHA
P12755	SKI
P12757	SKIL
P12814	ACTN1
P12821	ACE
P12830	CDH1
P12931	SRC
P12956	XRCC6
P13010	XRCC5
P13051	UNG
P13232	IL7
P13236	CCL4
P13500	CCL2
P13501	CCL5
P13611	VCAN
P13612	ITGA4
P13639	EEF2
P13688	CEACAM1
P13725	OSM
P13726	F3
P13796	LCP1
P13807	GYS1
P13861	PRKAR2A
P14174	MIF
P14210	HGF
P14314	PRKCSH
P14316	IRF2
P14317	HCLS1
P14598	NCF1
P14618	PKM
P14625	HSP90B1
P14635	CCNB1
P14649	MYL6B
P14778	IL1R1
P14780	MMP9
P14784	IL2RB
P14921	ETS1
P14923	JUP
P15018	LIF
P15056	BRAF
P15121	AKR1B1
P15151	PVR
P15153	RAC2
P15260	IFNGR1
P15289	ARSA
P15291	B4GALT1
P15311	EZR
P15336	ATF2
P15407	FOSL1
P15498	VAV1
P15502	ELN
P15509	CSF2RA
P15514	AREG
P15531	NME1
P15559	NQO1
P15692	VEGFA
P15884	TCF4
P15923	TCF3
P15924	DSP
P15927	RPA2
P16070	CD44
P16104	H2AFX
P16109	SELP
P16118	PFKFB1
P16220	CREB1
P16234	PDGFRA
P16298	PPP3CB
P16333	NCK1
P16471	PRLR
P16581	SELE
P16591	FER
P16662	UGT2B7
P16871	IL7R
P16885	PLCG2
P16949	STMN1
P17081	RHOQ
P17096	HMGA1
P17181	IFNAR1
P17252	PRKCA
P17275	JUNB
P17302	GJA1
P17405	SMPD1
P17480	UBTF
P17535	JUND
P17544	ATF7
P17612	PRKACA
P17655	CAPN2
P17676	CEBPB
P17706	PTPN2
P17812	CTPS1
P17813	ENG
P17844	DDX5
P17861	XBP1
P17931	LGALS3
P17936	IGFBP3
P17947	SPI1
P17948	FLT1
P18031	PTPN1
P18074	ERCC2
P18084	ITGB5
P18146	EGR1
P18206	VCL
P18428	LBP
P18433	PTPRA
P18510	IL1RN
P18583	SON
P18669	PGAM1
P18846	ATF1
P18847	ATF3
P18848	ATF4
P18850	ATF6
P18858	LIG1
P18887	XRCC1
P19022	CDH2
P19105	MYL12A
P19174	PLCG1
P19235	EPOR
P19338	NCL
P19367	HK1
P19419	ELK1
P19438	TNFRSF1A
P19447	ERCC3
P19474	TRIM21
P19484	TFEB
P19525	EIF2AK2
P19634	SLC9A1
P19784	CSNK2A2
P19793	RXRA
P19838	NFKB1
P19875	CXCL2
P19876	CXCL3
P19883	FST
P20020	ATP2B1
P20042	EIF2S2
P20138	CD33
P20226	TBP
P20333	TNFRSF1B
P20338	RAB4A
P20339	RAB5A
P20393	NR1D1
P20701	ITGAL
P20702	ITGAX
P20711	DDC
P20749	BCL3
P20807	CAPN3
P20810	CAST
P20815	CYP3A5
P20823	HNF1A
P20827	EFNA1
P20936	RASA1
P20963	CD247
P21127	CDK11B
P21333	FLNA
P21359	NF1
P21399	ACO1
P21453	S1PR1
P21462	FPR1
P21580	TNFAIP3
P21675	TAF1
P21709	EPHA1
P21730	C5AR1
P21731	TBXA2R
P21741	MDK
P21757	MSR1
P21796	VDAC1
P21802	FGFR2
P21854	CD72
P21860	ERBB3
P21912	SDHB
P21980	TGM2
P22307	SCP2
P22314	UBA1
P22413	ENPP1
P22415	USF1
P22455	FGFR4
P22570	FDXR
P22607	FGFR3
P22670	RFX1
P22681	CBL
P22692	IGFBP4
P22694	PRKACB
P22736	NR4A1
P23025	XPA
P23193	TCEA1
P23229	ITGA6
P23246	SFPQ
P23258	TUBG1
P23396	RPS3
P23443	RPS6KB1
P23458	JAK1
P23467	PTPRB
P23468	PTPRD
P23469	PTPRE
P23470	PTPRG
P23511	NFYA
P23528	CFL1
P23588	EIF4B
P23743	DGKA
P23763	VAMP1
P24385	CCND1
P24390	KDELR1
P24394	IL4R
P24468	NR2F2
P24522	GADD45A
P24530	EDNRB
P24666	ACP1
P24723	PRKCH
P24821	TNC
P24844	MYL9
P24863	CCNC
P24928	POLR2A
P24941	CDK2
P25025	CXCR2
P25054	APC
P25090	FPR2
P25101	EDNRA
P25105	PTAFR
P25106	ACKR3
P25116	F2R
P25205	MCM3
P25208	NFYB
P25445	FAS
P25490	YY1
P25685	DNAJB1
P25774	CTSS
P25940	COL5A3
P25942	CD40
P25963	NFKBIA
P26010	ITGB7
P26038	MSN
P26045	PTPN3
P26358	DNMT1
P26583	HMGB2
P26599	PTBP1
P26651	ZFP36
P26927	MST1
P26992	CNTFR
P27037	ACVR2A
P27348	YWHAQ
P27361	MAPK3
P27448	MARK3
P27487	DPP4
P27540	ARNT
P27635	RPL10
P27694	RPA1
P27695	APEX1
P27701	CD82
P27708	CAD
P27816	MAP4
P27930	IL1R2
P27986	PIK3R1
P28324	ELK4
P28347	TEAD1
P28370	SMARCA1
P28482	MAPK1
P28562	DUSP1
P28702	RXRB
P28715	ERCC5
P28799	GRN
P28827	PTPRM
P29033	GJB2
P29279	CTGF
P29317	EPHA2
P29320	EPHA3
P29350	PTPN6
P29353	SHC1
P29372	MPG
P29374	ARID4A
P29376	LTK
P29466	CASP1
P29474	NOS3
P29590	PML
P29597	TYK2
P29692	EEF1D
P29966	MARCKS
P29972	AQP1
P29992	GNA11
P30041	PRDX6
P30047	GCHFR
P30086	PEBP1
P30153	PPP2R1A
P30154	PPP2R1B
P30260	CDC27
P30279	CCND2
P30281	CCND3
P30291	WEE1
P30305	CDC25B
P30519	HMOX2
P30530	AXL
P30556	AGTR1
P30622	CLIP1
P30793	GCH1
P30872	SSTR1
P31146	CORO1A
P31323	PRKAR2B
P31350	RRM2
P31431	SDC4
P31483	TIA1
P31749	AKT1
P31751	AKT2
P31785	IL2RG
P31946	YWHAB
P31994	FCGR2B
P32121	ARRB2
P32246	CCR1
P32519	ELF1
P32927	CSF2RB
P33076	CIITA
P33151	CDH5
P33176	KIF5B
P33240	CSTF2
P33241	LSP1
P33552	CKS2
P33991	MCM4
P34741	SDC2
P34925	RYK
P34947	GRK5
P35052	GPC1
P35221	CTNNA1
P35222	CTNNB1
P35226	BMI1
P35227	PCGF2
P35240	NF2
P35241	RDX
P35318	ADM
P35348	ADRA1A
P35354	PTGS2
P35398	RORA
P35442	THBS2
P35520	CBS
P35555	FBN1
P35568	IRS1
P35575	G6PC
P35579	MYH9
P35580	MYH10
P35590	TIE1
P35611	ADD1
P35637	FUS
P35638	DDIT3
P35658	NUP214
P35659	DEK
P35680	HNF1B
P35754	GLRX
P35813	PPM1A
P35916	FLT4
P35968	KDR
P36402	TCF7
P36507	MAP2K2
P36508	ZNF76
P36871	PGM1
P36873	PPP1CC
P36894	BMPR1A
P36896	ACVR1B
P36897	TGFBR1
P36941	LTBR
P36956	SREBF1
P37023	ACVRL1
P37088	SCNN1A
P37173	TGFBR2
P37231	PPARG
P37275	ZEB1
P37840	SNCA
P38398	BRCA1
P38432	COIL
P38484	IFNGR2
P38936	CDKN1A
P39019	RPS19
P39060	COL18A1
P39687	ANP32A
P39748	FEN1
P39880	CUX1
P40189	IL6ST
P40259	CD79B
P40337	VHL
P40429	RPL13A
P40692	MLH1
P40763	STAT3
P40933	IL15
P41091	EIF2S3
P41134	ID1
P41161	ETV5
P41182	BCL6
P41208	CETN2
P41212	ETV6
P41220	RGS2
P41221	WNT5A
P41227	NAA10
P41235	HNF4A
P41236	PPP1R2
P41240	CSK
P41279	MAP3K8
P41597	CCR2
P41743	PRKCI
P41970	ELK3
P42224	STAT1
P42226	STAT6
P42229	STAT5A
P42336	PIK3CA
P42338	PIK3CB
P42345	MTOR
P42566	EPS15
P42574	CASP3
P42575	CASP2
P42680	TEC
P42684	ABL2
P42701	IL12RB1
P42702	LIFR
P42765	ACAA2
P42768	WAS
P42773	CDKN2C
P42858	HTT
P42892	ECE1
P43034	PAFAH1B1
P43116	PTGER2
P43235	CTSK
P43246	MSH2
P43250	GRK6
P43351	RAD52
P43354	NR4A2
P43378	PTPN9
P43405	SYK
P43657	LPAR6
P45880	VDAC2
P45973	CBX5
P45983	MAPK8
P45984	MAPK9
P45985	MAP2K4
P46060	RANGAP1
P46108	CRK
P46109	CRKL
P46459	NSF
P46527	CDKN1B
P46531	NOTCH1
P46734	MAP2K3
P46736	BRCC3
P46821	MAP1B
P46934	NEDD4
P46937	YAP1
P46939	UTRN
P46940	IQGAP1
P47712	PLA2G4A
P47736	RAP1GAP
P47756	CAPZB
P47871	GCGR
P48061	CXCL12
P48065	SLC6A12
P48200	IREB2
P48357	LEPR
P48382	RFX5
P48426	PIP4K2A
P48436	SOX9
P48454	PPP3CC
P48506	GCLC
P48507	GCLM
P48509	CD151
P48549	KCNJ3
P48551	IFNAR2
P48552	NRIP1
P48651	PTDSS1
P48729	CSNK1A1
P48730	CSNK1D
P48735	IDH2
P49023	PXN
P49116	NR2C2
P49137	MAPKAPK2
P49238	CX3CR1
P49336	CDK8
P49354	FNTA
P49356	FNTB
P49407	ARRB1
P49427	CDC34
P49459	UBE2A
P49585	PCYT1A
P49593	PPM1F
P49662	CASP4
P49674	CSNK1E
P49711	CTCF
P49715	CEBPA
P49736	MCM2
P49755	TMED10
P49757	NUMB
P49759	CLK1
P49760	CLK2
P49765	VEGFB
P49767	VEGFC
P49768	PSEN1
P49770	EIF2B2
P49789	FHIT
P49790	NUP153
P49792	RANBP2
P49795	RGS19
P49798	RGS4
P49810	PSEN2
P49815	TSC2
P49840	GSK3A
P49841	GSK3B
P49913	CAMP
P49915	GMPS
P49916	LIG3
P49917	LIG4
P49961	ENTPD1
P50148	GNAQ
P50281	MMP14
P50402	EMD
P50453	SERPINB9
P50458	LHX2
P50539	MXI1
P50548	ERF
P50549	ETV1
P50552	VASP
P50553	ASCL1
P50570	DNM2
P50591	TNFSF10
P50613	CDK7
P50616	TOB1
P50750	CDK9
P51003	PAPOLA
P51149	RAB7A
P51397	DAP
P51398	DAP3
P51449	RORC
P51452	DUSP3
P51531	SMARCA2
P51532	SMARCA4
P51572	BCAP31
P51610	HCFC1
P51617	IRAK1
P51636	CAV2
P51654	GPC3
P51668	UBE2D1
P51681	CCR5
P51692	STAT5B
P51812	RPS6KA3
P51828	ADCY7
P51946	CCNH
P51959	CCNG1
P52179	MYOM1
P52272	HNRNPM
P52292	KPNA2
P52306	RAP1GDS1
P52564	MAP2K6
P52565	ARHGDIA
P52566	ARHGDIB
P52630	STAT2
P52655	GTF2A1
P52657	GTF2A2
P52735	VAV2
P52757	CHN2
P52788	SMS
P52798	EFNA4
P52799	EFNB2
P52907	CAPZA1
P52948	NUP98
P53004	BLVRA
P53007	SLC25A1
P53041	PPP5C
P53355	DAPK1
P53539	FOSB
P53667	LIMK1
P53671	LIMK2
P53675	CLTCL1
P53794	SLC5A3
P53804	TTC3
P53805	RCAN1
P54198	HIRA
P54253	ATXN1
P54259	ATN1
P54274	TERF1
P54278	PMS2
P54619	PRKAG1
P54652	HSPA2
P54760	EPHB4
P54826	GAS1
P55010	EIF5
P55011	SLC12A2
P55055	NR1H2
P55072	VCP
P55085	F2RL1
P55103	INHBC
P55157	MTTP
P55199	ELL
P55210	CASP7
P55211	CASP9
P55212	CASP6
P55273	CDKN2D
P55317	FOXA1
P55773	CCL23
P55854	SUMO3
P55957	BID
P56159	GFRA1
P56192	MARS
P56270	MAZ
P56645	PER3
P56817	BACE1
P56945	BCAR1
P57059	SIK1
P57723	PCBP4
P58166	INHBE
P58340	MLF1
P58753	TIRAP
P58876	HIST1H2BD
P59768	GNG2
P60174	TPI1
P60484	PTEN
P60510	PPP4C
P60520	GABARAPL2
P60709	ACTB
P60763	RAC3
P60842	EIF4A1
P60953	CDC42
P60981	DSTN
P61006	RAB8A
P61011	SRP54
P61024	CKS1B
P61073	CXCR4
P61077	UBE2D3
P61081	UBE2M
P61088	UBE2N
P61160	ACTR2
P61224	RAP1B
P61244	MAX
P61289	PSME3
P61457	PCBD1
P61586	RHOA
P61587	RND3
P61626	LYZ
P61764	STXBP1
P61956	SUMO2
P61968	LMO4
P61978	HNRNPK
P61981	YWHAG
P62136	PPP1CA
P62140	PPP1CB
P62258	YWHAE
P62491	RAB11A
P62633	CNBP
P62714	PPP2CB
P62736	ACTA2
P62745	RHOB
P62753	RPS6
P62826	RAN
P62834	RAP1A
P62837	UBE2D2
P62873	GNB1
P62875	POLR2L
P62877	RBX1
P62879	GNB2
P62913	RPL11
P62937	PPIA
P62942	FKBP1A
P62993	GRB2
P63000	RAC1
P63010	AP2B1
P63092	GNAS
P63096	GNAI1
P63104	YWHAZ
P63146	UBE2B
P63151	PPP2R2A
P63165	SUMO1
P63167	DYNLL1
P63208	SKP1
P63244	RACK1
P63261	ACTG1
P63279	UBE2I
P67775	PPP2CA
P67809	YBX1
P67870	CSNK2B
P68104	EEF1A1
P68363	TUBA1B
P68366	TUBA4A
P68371	TUBB4B
P68400	CSNK2A1
P68871	HBB
P69905	HBA1;
P78314	SH3BP2
P78317	RNF4
P78324	SIRPA
P78344	EIF4G2
P78347	GTF2I
P78352	DLG4
P78356	PIP4K2B
P78362	SRPK2
P78368	CSNK1G2
P78371	CCT2
P78380	OLR1
P78423	CX3CL1
P78504	JAG1
P78509	RELN
P78527	PRKDC
P78536	ADAM17
P78543	BTG2
P78545	ELF3
P78552	IL13RA1
P78560	CRADD
P80075	CCL8
P80162	CXCL6
P83916	CBX1
P84022	SMAD3
P84103	SRSF3
P84243	H3F3A
P84996	GNAS
P98077	SHC2
P98082	DAB2
P98160	HSPG2
P98170	XIAP
P98172	EFNB1
P98177	FOXO4
P98194	ATP2C1
P99999	CYCS
Q00059	TFAM
Q00266	MAT1A
Q00403	GTF2B
Q00526	CDK3
Q00534	CDK6
Q00535	CDK5
Q00536	CDK16
Q00597	FANCC
Q00610	CLTC
Q00613	HSF1
Q00653	NFKB2
Q00722	PLCB2
Q00839	HNRNPU
Q00978	IRF9
Q00987	MDM2
Q01082	SPTBN1
Q01085	TIAL1
Q01105	SET
Q01130	SRSF2
Q01167	FOXK2
Q01196	RUNX1
Q01201	RELB
Q01543	FLI1
Q01664	TFAP4
Q01826	SATB1
Q01831	XPC
Q01844	EWSR1
Q01970	PLCB3
Q02045	MYL5
Q02078	MEF2A
Q02086	SP2
Q02156	PRKCE
Q02297	NRG1
Q02363	ID2
Q02447	SP3
Q02535	ID3
Q02556	IRF8
Q02750	MAP2K1
Q02763	TEK
Q02790	FKBP4
Q03060	CREM
Q03113	GNA12
Q03135	CAV1
Q03164	KMT2A
Q03167	TGFBR3
Q03181	PPARD
Q03393	PTS
Q03405	PLAUR
Q03431	PTH1R
Q03468	ERCC6
Q03518	TAP1
Q03933	HSF2
Q04206	RELA
Q04637	EIF4G1
Q04721	NOTCH2
Q04724	TLE1
Q04771	ACVR1
Q04837	SSBP1
Q04864	REL
Q04917	YWHAH
Q05048	CSTF1
Q05195	MXD1
Q05209	PTPN12
Q05397	PTK2
Q05513	PRKCZ
Q05516	ZBTB16
Q05655	PRKCD
Q05682	CALD1
Q05923	DUSP2
Q06124	PTPN11
Q06187	BTK
Q06210	GFPT1
Q06265	EXOSC9
Q06330	RBPJ
Q06413	MEF2C
Q06481	APLP2
Q06546	GABPA
Q06547	GABPB1
Q06587	RING1
Q06787	FMR1
Q06830	PRDX1
Q06945	SOX4
Q07352	ZFP36L1
Q07666	KHDRBS1
Q07812	BAX
Q07817	BCL2L1
Q07820	MCL1
Q07866	KLC1
Q07869	PPARA
Q07889	SOS1
Q07890	SOS2
Q07912	TNK2
Q07954	LRP1
Q07955	SRSF1
Q07960	ARHGAP1
Q08209	PPP3CA
Q08257	CRYZ
Q08334	IL10RB
Q08378	GOLGA3
Q08379	GOLGA2
Q08499	PDE4D
Q08722	CD47
Q08828	ADCY1
Q08945	SSRP1
Q08999	RBL2
Q09013	DMPK
Q09161	NCBP1
Q09472	EP300
Q0VAM2	RASGEF1B
Q0VDF9	HSPA14
Q10567	AP1B1
Q12770	SCAP
Q12772	SREBF2
Q12778	FOXO1
Q12791	KCNMA1
Q12800	TFCP2
Q12802	AKAP13
Q12824	SMARCB1
Q12857	NFIA
Q12866	MERTK
Q12873	CHD3
Q12882	DPYD
Q12888	TP53BP1
Q12891	HYAL2
Q12904	AIMP1
Q12906	ILF3
Q12913	PTPRJ
Q12931	TRAP1
Q12933	TRAF2
Q12959	DLG1
Q12962	TAF10
Q12967	RALGDS
Q12968	NFATC3
Q12972	PPP1R8
Q12974	PTP4A2
Q12982	BNIP2
Q12983	BNIP3
Q12986	NFX1
Q13009	TIAM1
Q13017	ARHGAP5
Q13042	CDC16
Q13043	STK4
Q13045	FLII
Q13077	TRAF1
Q13085	ACACA
Q13094	LCP2
Q13099	IFT88
Q13105	ZBTB17
Q13114	TRAF3
Q13127	REST
Q13129	RLF
Q13131	PRKAA1
Q13133	NR1H3
Q13144	EIF2B5
Q13145	BAMBI
Q13151	HNRNPA0
Q13153	PAK1
Q13158	FADD
Q13162	PRDX4
Q13163	MAP2K5
Q13177	PAK2
Q13185	CBX3
Q13188	STK3
Q13190	STX5
Q13191	CBLB
Q13216	ERCC8
Q13217	DNAJC3
Q13233	MAP3K1
Q13261	IL15RA
Q13263	TRIM28
Q13275	SEMA3F
Q13277	STX3
Q13287	NMI
Q13303	KCNAB2
Q13309	SKP2
Q13315	ATM
Q13322	GRB10
Q13330	MTA1
Q13332	PTPRS
Q13347	EIF3I
Q13352	ITGB3BP
Q13361	MFAP5
Q13362	PPP2R5C
Q13363	CTBP1
Q13370	PDE3B
Q13371	PDCL
Q13393	PLD1
Q13404	UBE2V1
Q13416	ORC2
Q13418	ILK
Q13422	IKZF1
Q13424	SNTA1
Q13426	XRCC4
Q13438	OS9
Q13443	ADAM9
Q13444	ADAM15
Q13451	FKBP5
Q13464	ROCK1
Q13467	FZD5
Q13469	NFATC2
Q13478	IL18R1
Q13480	GAB1
Q13485	SMAD4
Q13489	BIRC3
Q13490	BIRC2
Q13492	PICALM
Q13501	SQSTM1
Q13506	NAB1
Q13522	PPP1R1A
Q13523	PRPF4B
Q13526	PIN1
Q13535	ATR
Q13541	EIF4EBP1
Q13542	EIF4EBP2
Q13546	RIPK1
Q13547	HDAC1
Q13554	CAMK2B
Q13555	CAMK2G
Q13557	CAMK2D
Q13563	PKD2
Q13564	NAE1
Q13568	IRF5
Q13569	TDG
Q13573	SNW1
Q13586	STIM1
Q13588	GRAP
Q13615	MTMR3
Q13616	CUL1
Q13617	CUL2
Q13618	CUL3
Q13619	CUL4A
Q13625	TP53BP2
Q13627	DYRK1A
Q13635	PTCH1
Q13642	FHL1
Q13651	IL10RA
Q13683	ITGA7
Q13761	RUNX3
Q13765	NACA
Q13769	THOC5
Q13772	NCOA4
Q13794	PMAIP1
Q13797	ITGA9
Q13813	SPTAN1
Q13829	TNFAIP1
Q13873	BMPR2
Q13885	TUBB2A
Q13887	KLF5
Q13901	C1D
Q13905	RAPGEF1
Q13952	NFYC
Q13976	PRKG1
Q14005	IL16
Q14012	CAMK1
Q14103	HNRNPD
Q14116	IL18
Q14118	DAG1
Q14145	KEAP1
Q14155	ARHGEF7
Q14161	GIT2
Q14185	DOCK1
Q14186	TFDP1
Q14191	WRN
Q14192	FHL2
Q14195	DPYSL3
Q14203	DCTN1
Q14207	NPAT
Q14232	EIF2B1
Q14240	EIF4A2
Q14242	SELPLG
Q14244	MAP7
Q14247	CTTN
Q14249	ENDOG
Q14258	TRIM25
Q14289	PTK2B
Q14318	FKBP8
Q14344	GNA13
Q14393	GAS6
Q14432	PDE3A
Q14451	GRB7
Q14457	BECN1
Q14469	HES1
Q14494	NFE2L1
Q14511	NEDD9
Q14526	HIC1
Q14566	MCM6
Q14582	MXD4
Q14596	NBR1
Q14626	IL11RA
Q14643	ITPR1
Q14653	IRF3
Q14683	SMC1A
Q14693	LPIN1
Q14703	MBTPS1
Q14738	PPP2R5D
Q14739	LBR
Q14765	STAT4
Q14766	LTBP1
Q14767	LTBP2
Q14790	CASP8
Q14807	KIF22
Q14814	MEF2D
Q14847	LASP1
Q14938	NFIX
Q14974	KPNB1
Q14978	NOLC1
Q14980	NUMA1
Q14994	NR1I3
Q14995	NR1D2
Q149N8	SHPRH
Q15019	SEPT2
Q15025	TNIP1
Q15046	KARS
Q15047	SETDB1
Q15054	POLD3
Q15075	EEA1
Q15080	NCF4
Q15118	PDK1
Q15119	PDK2
Q15121	PEA15
Q15149	PLEC
Q15154	PCM1
Q15172	PPP2R5A
Q15173	PPP2R5B
Q15181	PPA1
Q15185	PTGES3
Q15208	STK38
Q15233	NONO
Q15262	PTPRK
Q15276	RABEP1
Q15311	RALBP1
Q15329	E2F5
Q15349	RPS6KA2
Q15361	TTF1
Q15382	RHEB
Q15389	ANGPT1
Q15418	RPS6KA1
Q15464	SHB
Q15465	SHH
Q15466	NR0B2
Q15554	TERF2
Q15560	TCEA2
Q15561	TEAD4
Q15562	TEAD2
Q15569	TESK1
Q15583	TGIF1
Q15596	NCOA2
Q15599	SLC9A3R2
Q15628	TRADD
Q15633	TARBP2
Q15637	SF1
Q15642	TRIP10
Q15643	TRIP11
Q15648	MED1
Q15653	NFKBIB
Q15654	TRIP6
Q15691	MAPRE1
Q15717	ELAVL1
Q15742	NAB2
Q15746	MYLK
Q15750	TAB1
Q15762	CD226
Q15788	NCOA1
Q15796	SMAD2
Q15797	SMAD1
Q15811	ITSN1
Q15819	UBE2V2
Q15831	STK11
Q15833	STXBP2
Q15843	NEDD8
Q15910	EZH2
Q15911	ZFHX3
Q15942	ZYX
Q16186	ADRM1
Q16204	CCDC6
Q16206	ENOX2
Q16236	NFE2L2
Q16254	E2F4
Q16512	PKN1
Q16513	PKN2
Q16526	CRY1
Q16531	DDB1
Q16539	MAPK14
Q16543	CDC37
Q16548	BCL2A1
Q16549	PCSK7
Q16555	DPYSL2
Q16581	C3AR1
Q16584	MAP3K11
Q16611	BAK1
Q16620	NTRK2
Q16625	OCLN
Q16627	CCL14
Q16629	SRSF7
Q16637	SMN1
Q16644	MAPKAPK3
Q16649	NFIL3
Q16654	PDK4
Q16656	NRF1
Q16658	FSCN1
Q16659	MAPK6
Q16663	CCL15
Q16665	HIF1A
Q16666	IFI16
Q16667	CDKN3
Q16690	DUSP5
Q16825	PTPN21
Q16828	DUSP6
Q16829	DUSP7
Q16832	DDR2
Q16854	DGUOK
Q16875	PFKFB3
Q16878	CDO1
Q16881	TXNRD1
Q2M2I8	AAK1
Q3MII6	TBC1D25
Q495A1	TIGIT
Q49AN0	CRY2
Q4G148	GXYLT1
Q4KMG0	CDON
Q4VCS5	AMOT
Q53EL6	PDCD4
Q53ET0	CRTC2
Q53FA7	TP53I3
Q5EG05	CARD16
Q5FWF5	ESCO1
Q5JTC6	AMER1
Q5JVS0	HABP4
Q5JWF2	GNAS
Q5S007	LRRK2
Q5SGD2	PPM1L
Q5T1C6	THEM4
Q5T9C2	FAM102A
Q5VT25	CDC42BPA
Q5VTR2	RNF20
Q5VU43	PDE4DIP
Q5VVJ2	MYSM1
Q5VWQ8	DAB2IP
Q5VZM2	RRAGB
Q5XUX0	FBXO31
Q63HR2	TNS2
Q658P3	STEAP3
Q66K89	E4F1
Q676U5	ATG16L1
Q687X5	STEAP4
Q68CZ2	TNS3
Q6GPH4	XAF1
Q6IA17	SIGIRR
Q6IMN6	CAPRIN2
Q6IN85	PPP4R3A
Q6N021	TET2
Q6NYC1	JMJD6
Q6P0Q8	MAST2
Q6P1J9	CDC73
Q6P2H3	CEP85
Q6PCD5	RFWD3
Q6PJP8	DCLRE1A
Q6PL18	ATAD2
Q6PML9	SLC30A9
Q6Q0C0	TRAF7
Q6R327	RICTOR
Q6UN15	FIP1L1
Q6UUV7	CRTC3
Q6UUV9	CRTC1
Q6UWB1	IL27RA
Q6UWZ7	ABRAXAS1
Q6UXL0	IL20RB
Q6W2J9	BCOR
Q6WCQ1	MPRIP
Q6ZMT4	KDM7A
Q6ZNA4	RNF111
Q6ZNE5	ATG14
Q6ZRS2	SRCAP
Q6ZSZ5	ARHGEF18
Q6ZTQ3	RASSF6
Q6ZUJ8	PIK3AP1
Q6ZVD8	PHLPP2
Q6ZW49	PAXIP1
Q70E73	RAPH1
Q70SY1	CREB3L2
Q712K3	UBE2R2
Q71U36	TUBA1A
Q71UM5	RPS27L
Q76I76	SSH2
Q76LX8	ADAMTS13
Q7KZI7	MARK2
Q7L0Q8	RHOU
Q7L523	RRAGA
Q7L5N1	COPS6
Q7L7X3	TAOK1
Q7L804	RAB11FIP2
Q7L9L4	MOB1B
Q7LG56	RRM2B
Q7RTN6	STRADA
Q7Z2E3	APTX
Q7Z2W7	TRPM8
Q7Z2Z2	EFL1
Q7Z3C6	ATG9A
Q7Z401	DENND4A
Q7Z419	RNF144B
Q7Z434	MAVS
Q7Z5K2	WAPL
Q7Z5L9	IRF2BP2
Q7Z6J0	SH3RF1
Q7Z6Z7	HUWE1
Q7Z7A1	CNTRL
Q86TI0	TBC1D1
Q86TL0	ATG4D
Q86U70	LDB1
Q86U86	PBRM1
Q86UP2	KTN1
Q86UR1	NOXA1
Q86UT6	NLRX1
Q86V24	ADIPOR2
Q86V81	ALYREF
Q86V86	PIM3
Q86VB7	CD163
Q86VP1	TAX1BP1
Q86VP6	CAND1
Q86VS8	HOOK3
Q86VZ4	LRP11
Q86VZ6	JAZF1
Q86WB0	ZC3HC1
Q86WJ1	CHD1L
Q86WV1	SKAP1
Q86WX3	RPS19BP1
Q86X55	CARM1
Q86X95	CIR1
Q86XK2	FBXO11
Q86Y01	DTX1
Q86Y07	VRK2
Q86Y13	DZIP3
Q86YC2	PALB2
Q86YT6	MIB1
Q8IU57	IFNLR1
Q8IU81	IRF2BP1
Q8IUC6	TICAM1
Q8IUD2	ERC1
Q8IUD6	RNF135
Q8IUQ4	SIAH1
Q8IV61	RASGRP3
Q8IVH8	MAP4K3
Q8IVP5	FUNDC1
Q8IVT5	KSR1
Q8IW41	MAPKAPK5
Q8IWI9	MGA
Q8IWS0	PHF6
Q8IWU2	LMTK2
Q8IX03	WWC1
Q8IXH6	TP53INP2
Q8IXI2	RHOT1
Q8IXJ6	SIRT2
Q8IXW5	RPAP2
Q8IYM9	TRIM22
Q8IYT8	ULK2
Q8IYW5	RNF168
Q8IZL2	MAML2
Q8IZL8	PELP1
Q8IZL9	CDK20
Q8IZP0	ABI1
Q8IZQ1	WDFY3
Q8N122	RPTOR
Q8N264	ARHGAP24
Q8N2H9	PELI3
Q8N2W9	PIAS4
Q8N3Y1	FBXW8
Q8N488	RYBP
Q8N4C6	NIN
Q8N4C8	MINK1
Q8N5C8	TAB3
Q8N5K1	CISD2
Q8N6I1	EID2
Q8N6P7	IL22RA1
Q8N6T3	ARFGAP1
Q8N6T7	SIRT6
Q8N7H5	PAF1
Q8N9B5	JMY
Q8NB16	MLKL
Q8NBL1	POGLUT1
Q8NC51	SERBP1
Q8ND76	CCNY
Q8NEA6	GLIS3
Q8NEB9	PIK3C3
Q8NEM0	MCPH1
Q8NEM7	SUPT20H
Q8NER1	TRPV1
Q8NES3	LFNG
Q8NEV9	IL27
Q8NFX7	STXBP6
Q8NFZ5	TNIP2
Q8NG27	PJA1
Q8NHM5	KDM2B
Q8NHY2	COP1
Q8TAD8	SNIP1
Q8TAE8	GADD45GIP1
Q8TAK5	GABPB2
Q8TAP9	MPLKIP
Q8TAQ2	SMARCC2
Q8TAQ5	ZNF420
Q8TAS1	UHMK1
Q8TAT6	NPLOC4
Q8TB45	DEPTOR
Q8TBB1	LNX1
Q8TCT0	CERK
Q8TD19	NEK9
Q8TD43	TRPM4
Q8TDX7	NEK7
Q8TDY2	RB1CC1
Q8TE77	SSH3
Q8TEK3	DOT1L
Q8TEU7	RAPGEF6
Q8TEW0	PARD3
Q8TEW6	DOK4
Q8WTS6	SETD7
Q8WTV0	SCARB1
Q8WU20	FRS2
Q8WUA8	TSKU
Q8WUF5	PPP1R13L
Q8WUI4	HDAC7
Q8WUJ0	STYX
Q8WV28	BLNK
Q8WVJ2	NUDCD2
Q8WW43	APH1B
Q8WWK9	CKAP2
Q8WWW0	RASSF5
Q8WXE1	ATRIP
Q8WXH5	SOCS4
Q8WYK2	JDP2
Q8WYL5	SSH1
Q8WYN0	ATG4A
Q8WZ75	ROBO4
Q92466	DDB2
Q92538	GBF1
Q92542	NCSTN
Q92547	TOPBP1
Q92556	ELMO1
Q92558	WASF1
Q92565	RAPGEF5
Q92569	PIK3R3
Q92574	TSC1
Q92597	NDRG1
Q92614	MYO18A
Q92622	RUBCN
Q92630	DYRK2
Q92633	LPAR1
Q92673	SORL1
Q92688	ANP32B
Q92696	RABGGTA
Q92729	PTPRU
Q92730	RND1
Q92733	PRCC
Q92734	TFG
Q92769	HDAC2
Q92783	STAM
Q92793	CREBBP
Q92794	KAT6A
Q92797	SYMPK
Q92804	TAF15
Q92819	HAS2
Q92830	KAT2A
Q92831	KAT2B
Q92833	JARID2
Q92834	RPGR
Q92835	INPP5D
Q92837	FRAT1
Q92841	DDX17
Q92843	BCL2L2
Q92844	TANK
Q92851	CASP10
Q92854	SEMA4D
Q92859	NEO1
Q92878	RAD50
Q92888	ARHGEF1
Q92889	ERCC4
Q92890	UFD1
Q92900	UPF1
Q92905	COPS5
Q92908	GATA6
Q92922	SMARCC1
Q92934	BAD
Q92945	KHSRP
Q92956	TNFRSF14
Q92963	RIT1
Q92974	ARHGEF2
Q92990	GLMN
Q92993	KAT5
Q92997	DVL3
Q93008	USP9X
Q93009	USP7
Q93096	PTP4A1
Q969G3	SMARCE1
Q969H0	FBXW7
Q969S2	NEIL2
Q969S3	ZNF622
Q969S8	HDAC10
Q969V5	MUL1
Q969V6	MRTFA
Q969W1	ZDHHC16
Q969X0	RILPL2
Q96A00	PPP1R14A
Q96A54	ADIPOR1
Q96A56	TP53INP1
Q96AE4	FUBP1
Q96AZ6	ISG20
Q96B36	AKT1S1
Q96B97	SH3KBP1
Q96BI1	SLC22A18
Q96BI3	APH1A
Q96BR1	SGK3
Q96C10	DHX58
Q96C90	PPP1R14B
Q96CF2	CHMP4C
Q96CJ1	EAF2
Q96CV9	OPTN
Q96CW1	AP2M1
Q96D31	ORAI1
Q96EB6	SIRT1
Q96ED9	HOOK2
Q96EQ8	RNF125
Q96EY1	DNAJA3
Q96F81	DISP1
Q96FA3	PELI1
Q96FI4	NEIL1
Q96FJ2	DYNLL2
Q96FL8	SLC47A1
Q96FW1	OTUB1
Q96FX8	PERP
Q96G74	OTUD5
Q96GC9	VMP1
Q96GX9	APIP
Q96HS1	PGAM5
Q96IF1	AJUBA
Q96IK5	GMCL1
Q96J02	ITCH
Q96JA1	LRIG1
Q96JB5	CDK5RAP3
Q96JC9	EAF1
Q96JE7	SEC16B
Q96JK9	MAML3
Q96JP5	ZFP91
Q96K30	RITA1
Q96KP1	EXOC2
Q96KQ4	PPP1R13B
Q96KS0	EGLN2
Q96L34	MARK4
Q96L73	NSD1
Q96L91	EP400
Q96LA8	PRMT6
Q96LC7	SIGLEC10
Q96LC9	BMF
Q96MF7	NSMCE2
Q96MU7	YTHDC1
Q96N67	DOCK7
Q96P20	NLRP3
Q96PM5	RCHY1
Q96PU5	NEDD4L
Q96PY6	NEK1
Q96Q15	SMG1
Q96QB1	DLC1
Q96QD8	SLC38A2
Q96QT4	TRPM7
Q96QV1	HHIP
Q96R06	SPAG5
Q96RI1	NR1H4
Q96RK0	CIC
Q96RL1	UIMC1
Q96RR4	CAMKK2
Q96RU2	USP28
Q96RU7	TRIB3
Q96S44	TP53RK
Q96S53	TESK2
Q96S59	RANBP9
Q96S94	CCNL2
Q96SB3	PPP1R9B
Q96SB4	SRPK1
Q96SB8	SMC6
Q96SD1	DCLRE1C
Q96ST3	SIN3A
Q96T23	RSF1
Q96T37	RBM15
Q96T58	SPEN
Q96T60	PNKP
Q99062	CSF3R
Q99075	HBEGF
Q99418	CYTH2
Q99426	TBCB
Q99459	CDC5L
Q99496	RNF2
Q99500	S1PR3
Q99504	EYA3
Q99527	GPER1
Q99558	MAP3K14
Q99570	PIK3R4
Q99576	TSC22D3
Q99583	MNT
Q99594	TEAD3
Q99598	TSNAX
Q99607	ELF4
Q99608	NDN
Q99612	KLF6
Q99638	RAD9A
Q99650	OSMR
Q99653	CHP1
Q99683	MAP3K5
Q99708	RBBP8
Q99717	SMAD5
Q99741	CDC6
Q99743	NPAS2
Q99748	NRTN
Q99755	PIP5K1A
Q99759	MAP3K3
Q99788	CMKLR1
Q99801	NKX3-1
Q99814	EPAS1
Q99828	CIB1
Q99835	SMO
Q99836	MYD88
Q99873	PRMT1
Q99933	BAG1
Q99961	SH3GL1
Q99969	RARRES2
Q99986	VRK1
Q99988	GDF15
Q9BPZ7	MAPKAP1
Q9BQ15	NABP2
Q9BQ69	MACROD1
Q9BQ95	ECSIT
Q9BQA5	HINFP
Q9BQE3	TUBA1C
Q9BQI3	EIF2AK1
Q9BQQ3	GORASP1
Q9BQS8	FYCO1
Q9BR76	CORO1B
Q9BRQ8	AIFM2
Q9BRV3	SLC50A1
Q9BRX9	WDR83
Q9BSB4	ATG101
Q9BSI4	TINF2
Q9BU19	ZNF692
Q9BUB5	MKNK1
Q9BUF5	TUBB6
Q9BUP3	HTATIP2
Q9BUR4	WRAP53
Q9BUZ4	TRAF4
Q9BV73	CEP250
Q9BVC4	MLST8
Q9BVI0	PHF20
Q9BVP2	GNL3
Q9BVW5	TIPIN
Q9BWU1	CDK19
Q9BX63	BRIP1
Q9BX66	SORBS1
Q9BX69	CARD6
Q9BXM7	PINK1
Q9BXN2	CLEC7A
Q9BXS5	AP1M1
Q9BXS6	NUSAP1
Q9BXY4	RSPO3
Q9BY41	HDAC8
Q9BY44	EIF2A
Q9BY84	DUSP16
Q9BYH8	NFKBIZ
Q9BYM8	RBCK1
Q9BYW2	SETD2
Q9BYX4	IFIH1
Q9BZE9	ASPSCR1
Q9BZK7	TBL1XR1
Q9BZL6	PRKD2
Q9C000	NLRP1
Q9C004	SPRY4
Q9C0C7	AMBRA1
Q9C0C9	UBE2O
Q9GZM8	NDEL1
Q9GZP0	PDGFD
Q9GZQ8	MAP1LC3B
Q9GZT9	EGLN1
Q9GZU1	MCOLN1
Q9GZU7	CTDSP1
Q9GZV5	WWTR1
Q9GZX5	ZNF350
Q9GZY6	LAT2
Q9GZY8	MFF
Q9H063	MAF1
Q9H082	RAB33B
Q9H093	NUAK2
Q9H0B6	KLC2
Q9H0E2	TOLLIP
Q9H0H5	RACGAP1
Q9H0K1	SIK2
Q9H0M0	WWP1
Q9H0R8	GABARAPL1
Q9H0Y0	ATG10
Q9H0Z9	RBM38
Q9H160	ING2
Q9H171	ZBP1
Q9H1A4	ANAPC1
Q9H1J7	WNT5B
Q9H1K0	RBSN
Q9H1K1	ISCU
Q9H1Y0	ATG5
Q9H204	MED28
Q9H2A7	CXCL16
Q9H2G2	SLK
Q9H2K2	TNKS2
Q9H2K8	TAOK3
Q9H2S1	KCNN2
Q9H2V7	SPNS1
Q9H2X6	HIPK2
Q9H3F6	KCTD10
Q9H400	LIME1
Q9H461	FZD8
Q9H488	POFUT1
Q9H492	MAP1LC3A
Q9H4A3	WNK1
Q9H4A6	GOLPH3
Q9H4B4	PLK3
Q9H4B6	SAV1
Q9H4E7	DEF6
Q9H4L4	SENP3
Q9H4L7	SMARCAD1
Q9H4X1	RGCC
Q9H6P5	TASP1
Q9H6S1	AZI2
Q9H6Z4	RANBP3
Q9H6Z9	EGLN3
Q9H7Z6	KAT8
Q9H867	VCPKMT
Q9H8S9	MOB1A
Q9H8V3	ECT2
Q9H8Y8	GORASP2
Q9H992	MARCH7
Q9H9B1	EHMT1
Q9H9Y6	POLR1B
Q9HAT8	PELI2
Q9HAU4	SMURF2
Q9HAZ1	CLK4
Q9HB09	BCL2L12
Q9HB90	RRAGC
Q9HBA0	TRPV4
Q9HBE1	PATZ1
Q9HBH9	MKNK2
Q9HBW0	LPAR2
Q9HBY8	SGK2
Q9HC16	APOBEC3G
Q9HC23	PROK2
Q9HC77	CENPJ
Q9HC98	NEK6
Q9HCE7	SMURF1
Q9HCK8	CHD8
Q9HCP0	CSNK1G1
Q9HCS7	XAB2
Q9HCU8	POLD4
Q9HD26	GOPC
Q9HD43	PTPRH
Q9NP71	MLXIPL
Q9NP84	TNFRSF12A
Q9NP97	DYNLRB1
Q9NPD8	UBE2T
Q9NPH3	IL1RAP
Q9NPI1	BRD7
Q9NQ66	PLCB1
Q9NQ88	TIGAR
Q9NQB0	TCF7L2
Q9NQC7	CYLD
Q9NQL2	RRAGD
Q9NQR1	KMT5A
Q9NQS1	AVEN
Q9NQT8	KIF13B
Q9NQX3	GPHN
Q9NR09	BIRC6
Q9NR28	DIABLO
Q9NR50	EIF2B3
Q9NR61	DLL4
Q9NR83	SLC2A4RG
Q9NR97	TLR8
Q9NRA0	SPHK2
Q9NRA1	PDGFC
Q9NRA8	EIF4ENIF1
Q9NRC8	SIRT7
Q9NRF2	SH2B1
Q9NRF8	CTPS2
Q9NRG4	SMYD2
Q9NRH2	SNRK
Q9NRM7	LATS2
Q9NRP7	STK36
Q9NRW4	DUSP22
Q9NRY4	ARHGAP35
Q9NRY6	PLSCR3
Q9NS23	RASSF1
Q9NS56	TOPORS
Q9NS91	RAD18
Q9NSA1	FGF21
Q9NSA3	CTNNBIP1
Q9NSE2	CISH
Q9NT62	ATG3
Q9NTG7	SIRT3
Q9NUW8	TDP1
Q9NVI1	FANCI
Q9NW38	FANCL
Q9NWQ8	PAG1
Q9NWT1	PAK1IP1
Q9NWT6	HIF1AN
Q9NWV8	BABAM1
Q9NWZ3	IRAK4
Q9NX09	DDIT4
Q9NX18	SDHAF2
Q9NX47	MARCH5
Q9NXR1	NDE1
Q9NXV6	CDKN2AIP
Q9NY61	AATF
Q9NY65	TUBA8
Q9NYA1	SPHK1
Q9NYA4	MTMR4
Q9NYB0	TERF2IP
Q9NYF0	DACT1
Q9NYG5	ANAPC11
Q9NYJ8	TAB2
Q9NYR9	NKIRAS2
Q9NYS0	NKIRAS1
Q9NYV4	CDK12
Q9NYV6	RRN3
Q9NYY3	PLK2
Q9NZ42	PSENEN
Q9NZC7	WWOX
Q9NZJ5	EIF2AK3
Q9NZN5	ARHGEF12
Q9NZQ3	NCKIPSD
Q9NZS9	BFAR
Q9P0J1	PDP1
Q9P0N9	TBC1D7
Q9P0U3	SENP1
Q9P0V3	SH3BP4
Q9P1W9	PIM2
Q9P1Z0	ZBTB4
Q9P289	STK26
Q9P2D0	IBTK
Q9P2J9	PDP2
Q9P2K8	EIF2AK4
Q9P2Y5	UVRAG
Q9UBD9	CLCF1
Q9UBE8	NLK
Q9UBF6	RNF7
Q9UBF8	PI4KB
Q9UBI6	GNG12
Q9UBK2	PPARGC1A
Q9UBK9	UXT
Q9UBN6	TNFRSF10D
Q9UBN7	HDAC6
Q9UBP5	HEY2
Q9UBP6	METTL1
Q9UBS0	RPS6KB2
Q9UBT6	POLK
Q9UBU9	NXF1
Q9UBX5	FBLN5
Q9UBZ9	REV1
Q9UDY2	TJP2
Q9UDY8	MALT1
Q9UEE5	STK17A
Q9UER7	DAXX
Q9UEW3	MARCO
Q9UGK3	STAP2
Q9UGL1	KDM5B
Q9UGP8	SEC63
Q9UHA4	LAMTOR3
Q9UHD2	TBK1
Q9UHD8	SEPT9
Q9UHI8	ADAMTS1
Q9UHW9	SLC12A6
Q9UHX1	PUF60
Q9UI10	EIF2B4
Q9UI95	MAD2L2
Q9UIF7	MUTYH
Q9UIG0	BAZ1B
Q9UIK4	DAPK2
Q9UIS9	MBD1
Q9UJ41	RABGEF1
Q9UJT1	TUBD1
Q9UJX0	OSGIN1
Q9UJX2	CDC23
Q9UJX3	ANAPC7
Q9UJX6	ANAPC2
Q9UJY1	HSPB8
Q9UK05	GDF2
Q9UK53	ING1
Q9UKB1	FBXW11
Q9UKE5	TNIK
Q9UKF6	CPSF3
Q9UKG1	APPL1
Q9UKI8	TLK1
Q9UKL0	RCOR1
Q9UKL3	CASP8AP2
Q9UKS6	PACSIN3
Q9UKT4	FBXO5
Q9UKT5	FBXO4
Q9UKV3	ACIN1
Q9UKV5	AMFR
Q9UKV8	AGO2
Q9UKW4	VAV3
Q9UKX7	NUP50
Q9UL54	TAOK2
Q9ULH7	MRTFB
Q9ULT6	ZNRF3
Q9ULV1	FZD4
Q9ULV4	CORO1C
Q9ULV8	CBLC
Q9ULW0	TPX2
Q9ULZ3	PYCARD
Q9UM11	FZR1
Q9UM47	NOTCH3
Q9UM63	PLAGL1
Q9UMN6	KMT2B
Q9UMS0	NFU1
Q9UMX1	SUFU
Q9UN19	DAPP1
Q9UN36	NDRG2
Q9UNA4	POLI
Q9UNE7	STUB1
Q9UNN5	FAF1
Q9UNN8	PROCR
Q9UNS1	TIMELESS
Q9UNS2	COPS3
Q9UNZ2	NSFL1C
Q9UP38	FZD1
Q9UPG8	PLAGL2
Q9UPN9	TRIM33
Q9UPT5	EXOC7
Q9UPT6	MAPK8IP3
Q9UPT9	USP22
Q9UPU5	USP24
Q9UPV0	CEP164
Q9UPY3	DICER1
Q9UPY6	WASF3
Q9UPY8	MAPRE3
Q9UPZ9	ICK
Q9UQ13	SHOC2
Q9UQ80	PA2G4
Q9UQ88	CDK11A
Q9UQB8	BAIAP2
Q9UQC2	GAB2
Q9UQE7	SMC3
Q9UQF2	MAPK8IP1
Q9UQL6	HDAC5
Q9UQQ2	SH2B3
Q9UQR1	ZNF148
Q9Y239	NOD1
Q9Y243	AKT3
Q9Y253	POLH
Q9Y261	FOXA2
Q9Y263	PLAA
Q9Y275	TNFSF13B
Q9Y281	CFL2
Q9Y283	INVS
Q9Y294	ASF1A
Q9Y297	BTRC
Q9Y2E6	DTX4
Q9Y2G2	CARD8
Q9Y2G4	ANKRD6
Q9Y2H1	STK38L
Q9Y2I7	PIKFYVE
Q9Y2J0	RPH3A
Q9Y2K2	SIK3
Q9Y2K7	KDM2A
Q9Y2R2	PTPN22
Q9Y2T1	AXIN2
Q9Y2U5	MAP3K2
Q9Y2W1	THRAP3
Q9Y2X7	GIT1
Q9Y2Y9	KLF13
Q9Y2Z0	SUGT1
Q9Y365	STARD10
Q9Y371	SH3GLB1
Q9Y397	ZDHHC9
Q9Y3A5	SBDS
Q9Y3C5	RNF11
Q9Y3F4	STRAP
Q9Y3M2	CBY1
Q9Y3V2	RWDD3
Q9Y3Z3	SAMHD1
Q9Y448	KNSTRN
Q9Y463	DYRK1B
Q9Y478	PRKAB1
Q9Y490	TLN1
Q9Y4A5	TRRAP
Q9Y4C1	KDM3A
Q9Y4D1	DAAM1
Q9Y4G8	RAPGEF2
Q9Y4H2	IRS2
Q9Y4K3	TRAF6
Q9Y4K4	MAP4K5
Q9Y4P1	ATG4B
Q9Y4R8	TELO2
Q9Y572	RIPK3
Q9Y5B0	CTDP1
Q9Y5B9	SUPT16H
Q9Y5J3	HEY1
Q9Y5K5	UCHL5
Q9Y5K6	CD2AP
Q9Y5P4	COL4A3BP
Q9Y5Q3	MAFB
Q9Y5S1	TRPV2
Q9Y5S9	RBM8A
Q9Y5T5	USP16
Q9Y5W3	KLF2
Q9Y5X1	SNX9
Q9Y608	LRRFIP2
Q9Y616	IRAK3
Q9Y618	NCOR2
Q9Y624	F11R
Q9Y644	RFNG
Q9Y653	ADGRG1
Q9Y6A5	TACC3
Q9Y6C9	MTCH2
Q9Y6D9	MAD1L1
Q9Y6E0	STK24
Q9Y6I3	EPN1
Q9Y6I4	USP3
Q9Y6I7	WSB1
Q9Y6J0	CABIN1
Q9Y6K1	DNMT3A
Q9Y6K9	IKBKG
Q9Y6N7	ROBO1
Q9Y6P5	SESN1
Q9Y6Q9	NCOA3
Q9Y6R0	NUMBL
Q9Y6R4	MAP3K4
Q9Y6W5	WASF2
Q9Y6W6	DUSP10
Q9Y6X0	SETBP1
Q9Y6X2	PIAS3
